Ref,Part / value,Status,Have it?,Notes
PV1,Existing AS102-0712A 1.2 W panel,Reuse,,Confirm polarity and actual Voc before wiring
U0,5 V input regulator,OPEN ITEM - not fitted; bench uses 5 V panel direct to M1. Candidate: MP1584EN (have),,"Select once the production panel is confirmed; Trim to exactly 5 V under no load before wiring to M1; check for night-time reverse leakage; NOT the AMS1117 LDO (also have) - wastes ~30% of panel power as heat; NOT the TPS63802/HL802A - 5.5 V input ceiling too low"
M1,Protected TP4056-family charger module,Reuse,,Identify actual chip and PROG resistor before setting charge current
BT1 / BT2,Matched 18650 cells (x2, 1S2P),Reuse,,Same type/age/capacity/state of charge; prefer a preassembled protected pack
FB1 / FB2,1 A fuse (per cell),New - buy,,One per cell positive lead, before the parallel junction
F2,1 A main fuse,New - buy,,In series on OUT+ before the service switch
S1,Service switch (SPST),New - buy,,In series after F2, breaks the whole protected rail
M2,Existing 16 MHz Pro Mini (BTE13-010A),Reuse - needs conversion,,"Convert to internal 8 MHz via ISP (or confirm existing flash is genuinely 8 MHz); remove onboard regulator and power LED. NOTE: 2nd board found 21-Sep-2026 is a Pro Micro (ATmega32U4), NOT a Pro Mini - firmware uses 328P-specific registers that do not exist on 32U4 (button-wake ISR, ADC channels); not a drop-in, keep as spare"
Q1,MOSFET,Not fitted,,Removed - measured string runs at ~15 mA direct from the pin
R6 / R7,Gate resistor / pull-down,Not fitted,,Only existed for the MOSFET
R3,47 ohm 1/4 W resistor,New - buy (have on hand?),,Sets LED current directly from D9. Try 56 ohm if you prefer <20 mA at 4.20 V
F1,LED branch fuse,Not fitted,,Branch is no longer fed from the battery rail
C3,100 uF electrolytic,Reuse/buy,,>=6.3 V rating (10 V preferred); across the Pro Mini's VBAT/GND
LDR1 / R4,LDR + 47k resistor,Fitted (was optional),,Now the default sensor path (SENSOR_LDR=1); R4 changed 100k -> 47k on 30-Sep-2026 for dark margin
SW1,Momentary push button,Reuse/buy,,Test button to D2
U3,Low-Iq 3.3 V buck-boost,Fitted - TPS63802/HL802A breakout set to 3.3 V,,"VIN from VBAT_SYS; OUT -> D1 3V3 in production only. Bench: D1 on its micro-USB with U3 OUT disconnected. Battery operation not yet qualified against BUILD_GUIDE step 9"
M3,Existing Wemos D1 Mini,Reuse - v0.5 test system,,Always-on Home Assistant telemetry during development; feed qualified external 3V3 and use D6 as the protected UART receive input. Use the separate deep-sleep YAML for production measurement.
C2,470 uF electrolytic,Reuse/buy,,At U3's input, observe polarity
R5,220k resistor,Reuse/buy,,Battery-voltage sense divider to D1 Mini A0
Q2,2N3904 NPN,Have (confirmed in kit),,v0.5 protected inverted UART receiver from Arduino D1/TX to D1 Mini D6
R8,47k resistor,Reuse/buy,,Arduino D1/TX to Q2 base in the v0.5 test system
R9,100k resistor,Reuse/buy,,Base-emitter pulldown
R10,10k resistor,Reuse/buy,,Pull-up from Q2 collector to the 3V3 telemetry rail; collector feeds D1 Mini D6
Enclosure,"Weatherproof box, glands, standoffs, insulated cell holder",New - buy,,Keep cells shaded and away from charger/resistor heat
